,First Column
0,com
1,org
2,net
3,int
4,edu
5,gov
6,mil
7,arpa
8,academy
9,accountant
10,accountants
11,active
12,actor
13,ads
14,adult
15,aero
16,africa
17,agency
18,airforce
19,amazon
20,amex
21,analytics
22,apartments
23,app
24,apple
25,archi
26,army
27,art
28,arte
29,associates
30,attorney
31,auction
32,audible
33,audio
34,author
35,auto
36,autos
37,aws
38,baby
39,band
40,bank
41,bar
42,barefoot
43,bargains
44,baseball
45,basketball
46,beauty
47,beer
48,best
49,bestbuy
50,bet
51,bible
52,bid
53,bike
54,bingo
55,bio
56,biz
57,black
58,blackfriday
59,blockbuster
60,blog
61,blue
62,boo
63,book
64,boots
65,boston
66,bot
67,boutique
68,box
69,broadway
70,broker
71,build
72,builders
73,business
74,buy
75,buzz
76,cab
77,cafe
78,call
79,cam
80,camera
81,camp
82,cancerresearch
83,capital
84,car
85,cards
86,care
87,career
88,careers
89,cars
90,casa
91,case
92,cash
93,casino
94,catering
95,catholic
96,center
97,cern
98,ceo
99,cfd
100,channel
101,chat
102,charity
103,cheap
104,christmas
105,church
106,circle
107,city
108,claims
109,cleaning
110,click
111,clinic
112,clothing
113,cloud
114,club
115,coach
116,codes
117,coffee
118,college
119,community
120,company
121,compare
122,computer
123,condos
124,construction
125,consulting
126,contact
127,contractors
128,cooking
129,cool
130,coop
131,country
132,coupon
133,coupons
134,courses
135,cpa
136,credit
137,creditcard
138,cruise
139,cricket
140,cruises
141,cyou
142,dad
143,dance
144,data
145,date
146,dating
147,day
148,deal
149,deals
150,degree
151,delivery
152,democrat
153,dental
154,dentist
155,design
156,dev
157,diamonds
158,diet
159,digital
160,direct
161,directory
162,discount
163,diy
164,docs
165,doctor
166,dog
167,domains
168,dot
169,download
170,drive
171,earth
172,eat
173,eco
174,education
175,email
176,energy
177,engineer
178,engineering
179,edeka
180,entertainment
181,enterprises
182,equipment
183,esq
184,estate
185,events
186,exchange
187,expert
188,exposed
189,express
190,fail
191,faith
192,family
193,fan
194,fans
195,farm
196,fashion
197,fast
198,feedback
199,fiat
200,film
201,final
202,finance
203,financial
204,fire
205,fish
206,fishing
207,fit
208,fitness
209,flights
210,florist
211,flowers
212,fly
213,foo
214,food
215,foodnetwork
216,football
217,forsale
218,forum
219,foundation
220,free
221,frontdoor
222,fun
223,fund
224,furniture
225,fyi
226,gallery
227,game
228,games
229,garden
230,gay
231,gdn
232,gift
233,gifts
234,gives
235,glass
236,gle
237,global
238,gmbh
239,gold
240,golf
241,google
242,gop
243,graphics
244,green
245,gripe
246,grocery
247,group
248,guide
249,guitars
250,guru
251,hair
252,hangout
253,hamburg
254,haus
255,health
256,healthcare
257,help
258,here
259,hiphop
260,hiv
261,hockey
262,holdings
263,holiday
264,homegoods
265,homes
266,homesense
267,horse
268,hospital
269,host
270,hosting
271,hot
272,hotels
273,house
274,how
275,ice
276,icu
277,inc
278,industries
279,info
280,ing
281,ink
282,institute[51]
283,insurance
284,insure
285,international
286,investments
287,irish
288,jewelry
289,jobs
290,joy
291,kim
292,kitchen
293,kosher
294,kpn
295,land
296,lat
297,law
298,lawyer
299,lease
300,leclerc
301,legal
302,lgbt
303,life
304,lifeinsurance
305,lighting
306,like
307,limited
308,limo
309,link
310,live
311,living
312,loan
313,loans
314,locker
315,lol
316,lotto
317,love
318,ltd
319,luxury
320,makeup
321,management
322,map
323,market
324,marketing
325,markets
326,mba
327,med
328,media
329,meet
330,meme
331,memorial
332,men
333,menu
334,mint
335,mobi
336,mobile
337,mobily
338,moda
339,moe
340,mom
341,money
342,monster
343,mortgage
344,motorcycles
345,mov
346,movie
347,museum
348,music
349,name
350,navy
351,network
352,new
353,news
354,nexus
355,ngo
356,ninja
357,now
358,ntt
359,observer
361,one
362,ong
363,onl
364,online
365,ooo
366,open
367,organic
368,origins
369,page
370,partners
371,parts
372,party
373,pay
374,pet
375,pharmacy
376,phone
377,photo
378,photography
379,photos
380,physio
381,pics
382,pictures
383,pid
384,pin
385,pink
386,pizza
387,place
388,plumbing
389,plus
390,poker
391,porn
392,post
393,press
394,prime
395,pro
396,productions
397,prof
398,promo
399,properties
400,property
401,protection
402,pub
403,qpon
404,quebec
405,racing
406,radio
407,read
408,realestate
409,realtor
410,realty
411,recipes
412,red
413,rehab
414,reit
415,rent
416,rentals
417,repair
418,report
419,republican
420,rest
421,restaurant
422,review
423,reviews
424,rich
425,rip
426,rocks
427,rodeo
428,room
429,rugby
430,run
431,safe
432,sale
433,salon
434,save
435,sbi
436,scholarships
437,school
438,science
439,search
440,secure
441,security
442,select
443,services
444,sex
445,sexy
446,shoes
447,shop
448,shopping
449,show
450,showtime
451,silk
452,singles
453,site
454,ski
455,skin
456,sky
457,sling
458,smile
459,sncf
460,soccer
461,social
462,software
463,solar
464,solutions
465,song
466,spa
467,space
468,spreadbetting
469,spot
470,sport
471,srl
472,storage
473,store
474,stream
475,studio
476,study
477,style
478,sucks
479,supplies
480,supply
481,support
482,surf
483,surgery
484,systems
485,talk
486,tattoo
487,tax
488,taxi
489,team
490,tech
491,technology
492,tel
493,tennis
494,theater
495,theatre
496,tickets
497,tips
498,tires
499,today
500,tools
501,top
502,tours
503,town
504,toys
505,trade
506,trading
507,training
508,travel
509,travelersinsurance
510,trust
511,tube
512,tunes
513,uconnect
514,university
515,uno
516,vacations
517,ventures
518,vet
519,video
520,villas
521,vin
522,vip
523,vision
524,vodka
525,volvo
526,vote
527,voting
528,voyage
529,wang
530,watch
531,watches
532,weather
533,webcam
534,website
535,wed
536,wedding
537,whoswho
538,wiki
539,win
540,wine
541,winners
542,work
543,works
544,world
545,wow
546,wtf
547,xxx
548,xyz
549,yachts
550,yoga
551,you
552,youtube
553,zero
554,zip
555,zone
556,ren
557,shouji
558,tushu
559,wanggou
560,weibo
561,xihuan
562,xin
564,clinique
565,luxe
566,maison
567,moi
568,rsvp
569,sarl
570,epost
573,immobilien
574,jetzt
575,kaufen
576,kinder
577,reise
578,reisen
579,schule
580,versicherung
581,desi
582,shiksha
583,भारत
585,immo
587,voto
588,bom
589,passagens
590,abogado
591,futbol
592,gratis
593,hoteles
594,juegos
595,ltda
596,soy
597,tienda
599,viajes
600,vuelos
602,capetown
603,durban
604,joburg
605,abudhabi
606,arab
607,asia
608,doha
609,dubai
610,krd
611,kyoto
612,nagoya
613,okinawa
614,osaka
615,ryukyu
616,taipei
617,tokyo
618,yokohama
619,alsace
620,bzh
621,corsica
622,eus
623,paris
624,bcn
625,barcelona
626,cat
628,gal
629,madrid
630,bayern
631,berlin
632,cologne
633,koeln
635,nrw
636,ruhr
637,saarland
638,eu
639,amsterdam
641,brussels
642,cymru
643,wales
644,frl
645,gent
646,helsinki
648,ist
649,istanbul
650,london
651,moscow [ru]
652,scot
653,stockholm
654,swiss
655,tatar
656,tirol
657,vlaanderen
658,wien
659,zuerich
660,su
662,miami
663,nyc
665,vegas
666,kiwi
667,melbourne
668,sydney
670,rio
671,aaa
672,aarp
673,abarth
674,abb
675,abbott
676,abbvie
677,abc
678,accenture
679,aco
680,aeg
681,aetna
682,afl
683,agakhan
684,aig
685,aigo
686,airbus
687,airtel
688,akdn
689,alfaromeo
690,alibaba
691,alipay
692,allfinanz
693,allstate
694,ally
695,alstom
697,americanexpress
699,amica
700,android
701,anz
702,aol
704,aquarelle
705,aramco
706,audi
707,auspost
709,axa
710,azure
711,baidu
712,bananarepublic
713,barclaycard
714,barclays
716,bauhaus
717,bbc
718,bbt
719,bbva
720,bcg
721,bentley
722,bharti
723,bing
724,blanco
725,bloomberg
726,bms
727,bmw
728,bnl
729,bnpparibas
730,boehringer
731,bond
732,booking
733,bosch
734,bostik
735,bradesco
736,bridgestone
737,brother
738,bugatti
739,cal
740,calvinklein
741,canon
742,capitalone
743,caravan
744,cartier
745,cba
746,cbn
747,cbre
748,cbs
750,cfa
751,chanel
752,chase
753,chintai
754,chrome
755,chrysler
756,cipriani
757,cisco
758,citadel
759,citi
760,citic
761,clubmed
762,comcast
763,commbank
764,creditunion
765,crown
766,crs
767,csc
768,cuisinella
769,dabur
770,datsun
771,dealer
772,dell
773,deloitte
774,delta
775,dhl
776,discover
777,dish
778,dnp
779,dodge
780,dunlop
781,dupont
782,dvag
784,emerck
785,epson
786,ericsson
787,erni
788,esurance
789,etisalat
790,eurovision
791,everbank
792,extraspace
793,fage
794,fairwinds
795,farmers
796,fedex
797,ferrari
798,ferrero
800,fidelity
801,firestone
802,firmdale
803,flickr
804,flir
805,flsmidth
806,ford
807,fox
808,fresenius
809,forex
810,frogans
811,frontier
812,fujitsu
813,fujixerox
814,gallo
815,gallup
816,gap
817,gbiz
818,gea
819,genting
820,giving
822,globo
823,gmail
824,gmo
825,gmx
826,godaddy
827,goldpoint
828,goodyear
829,goog
831,grainger
832,guardian
833,gucci
834,hbo
835,hdfc
836,hdfcbank
837,hermes
838,hisamitsu
839,hitachi
840,hkt
841,honda
842,honeywell
843,hotmail
844,hsbc
845,hughes
846,hyatt
847,hyundai
848,ibm
849,ieee
850,ifm
851,ikano
852,imdb
853,infiniti
854,intel
855,intuit
856,ipiranga
857,iselect
858,itau
859,itv
860,iveco
861,jaguar
862,java
863,jcb
864,jcp
865,jeep
866,jio
867,jpmorgan
868,juniper
869,kddi
870,kerryhotels
871,kerrylogistics
872,kerryproperties
873,kfh
874,kia
876,kindle
877,komatsu
878,kpmg
879,kred
880,kuokgroup
881,lacaixa
882,ladbrokes
883,lamborghini
884,lancaster
885,lancia
886,lancome
887,landrover
888,lanxess
889,lasalle
890,latrobe
891,lds
893,lego
894,liaison
895,lexus
896,lidl
897,lifestyle
898,lilly
899,lincoln
900,linde
901,lipsy
902,lixil
903,locus
904,lotte
905,lpl
906,lplfinancial
907,lundbeck
908,lupin
909,macys
910,maif
911,man
912,mango
913,marriott
914,maserati
915,mattel
916,mckinsey
917,metlife
918,microsoft
919,mini
920,mit
921,mitsubishi
922,mlb
923,mma
924,monash
925,mormon
926,moto
927,movistar
928,msd
929,mtn
930,mtr
931,mutual
932,nadex
933,nationwide
934,natura
935,nba
936,nec
937,netflix
938,neustar
939,newholland
940,nfl
941,nhk
942,nico
943,nike
944,nikon
945,nissan
946,nissay
947,nokia
948,northwesternmutual
949,norton
950,nra
952,obi
953,office
954,omega
955,oracle
956,orange
957,otsuka
958,ovh
959,panasonic
960,pccw
961,pfizer
962,philips
963,piaget
964,pictet
965,ping
966,pioneer
967,play
968,playstation
969,pohl
970,politie
971,praxi
972,prod
973,progressive
974,pru
975,prudential
976,pwc
977,quest
978,qvc
979,redstone
980,reliance
981,rexroth
982,ricoh
983,ril
984,rmit
985,rocher
986,rogers
987,rwe
988,safety
989,sakura
990,samsung
991,sandvik
992,sandvikcoromant
993,sanofi
994,sap
995,saxo
997,sbs
998,sca
999,scb
1000,schaeffler
1001,schmidt
1002,schwarz
1003,scjohnson
1004,scor
1005,seat
1006,sener
1007,ses
1008,sew
1009,seven
1010,sfr
1011,seek
1012,shangrila
1013,sharp
1014,shaw
1015,shell
1016,shriram
1017,sina
1019,skype
1020,smart
1022,softbank
1023,sohu
1024,sony
1025,spiegel
1026,stada
1027,staples
1028,star
1029,starhub
1030,statebank
1031,statefarm
1032,statoil
1033,stc
1034,stcgroup
1035,suzuki
1036,swatch
1037,swiftcover
1038,symantec
1039,taobao
1040,target
1041,tatamotors
1042,tdk
1043,telecity
1044,telefonica
1045,temasek
1046,teva
1047,tiffany
1048,tjx
1049,toray
1050,toshiba
1051,total
1052,toyota
1053,travelchannel
1054,travelers
1055,tui
1056,tvs
1057,ubs
1058,unicom
1059,uol
1060,ups
1061,vanguard
1062,verisign
1063,vig
1064,viking
1065,virgin
1066,visa
1067,vista
1068,vistaprint
1069,vivo
1070,volkswagen
1072,walmart
1073,walter
1074,weatherchannel
1075,weber
1076,weir
1077,williamhill
1078,windows
1079,wme
1080,wolterskluwer
1081,woodside
1082,wtc
1083,xbox
1084,xerox
1085,xfinity
1086,yahoo
1087,yamaxun
1088,yandex
1089,yodobashi
1091,zappos
1092,zara
1093,zippo
1094,example
1095,internal
1096,invalid
1097,local
1098,localhost
1099,onion
1100,test
1102,intranet
1103,private
1104,corp
1105,home
1106,lan
1107,eth
1108,bit
1109,xlm
1110,fur
1111,cloud.microsoft
1112,home.arpa
1113,crypto
1114,zil
1115,bbs
1116,chan
1117,cyb
1118,dyn
1119,geek
1120,gopher
1121,indy
1122,libre
1123,neo
1124,null
1125,o
1126,oss
1127,oz
1128,parody
1129,pirate
1130,lib
1131,coin
1132,emc
1133,bazar
1134,ku
1135,te
1136,ti
1137,uu
1138,ko
1139,rm
1163,ong/
1196,kids
1246,nato
1368,eng
1369,ker
1370,nai
1371,sic
1372,geo
1373,mail
1374,web
1375,kid
